Game Stats,,,,,,,,,,,,,,,,,,,,,,,,,,,,,,,,,,,,,,,,,,,,,,,,,,,,,,,,,,,,,,,,,,,,,,,,,,,,,,,,,,,,,,,,,,,,,,,,,,,,,,,,,,,,,,,,,,,,,,,,,,,,,,,,,,,,,,,,,,,,,,,,,,,,,,,,,,,,,,,,,,,,,,,,,,,,,,,,,,
,LG1,LG2,LG3,LG4,QF1,LG5,MR1,LG6,QF2,LG7,MR2,LG8,QF3,MR3,LG9,QF4,MR4,QF5,AG1,LG10,QF6,MR5,LG11,QF7,MR6,LG12,QF8,MR7,LG13,QF9,MR8,LG14,QF10,MR9,LG15.1,LG15.2,QF11,MR10,AG2,QF12,LG16,MR11,LG17,QF13,LG18,MR12,LG19,QF14,MR13,LG20,QF15,LG21,MR14,LG22,QF16,LG23,MR15,LG24,QF17,LG25,MR16,LG26,QF18,MR17,LG27,QF19,LG28,MR18,QF20,LG29,MR19,AG3,QF21,LG30,MR20,LG31,QF22,LG32,MR21,LG33,QF23,MR22,LG34,QF24,LG35,MR23,LG36,QF25,LG37,MR24,LG38,QF26,QF27,LG39,MR25,LG40,QF28,MR26,LG41,AG4,QF29,MR27,LG42,QF30,LG43,MR28,LG44,LG45,QF31,MR29,LG46,QF32,LG47,MR30,LG48,QF33.1,QF33.2,LG49,MR31,QF34,LG50,MR32,LG51,QF35,AG5,MR33,LG52,QF36,LG53,MR34,LG54,QF37,LG55,MR35,LG56,QF38,LG57,MR36,LG58,QF39,LG59,MR37,LG60,QF40.1,QF40.2,MR38.1,LG61,MR38.2,QF41,LG62,MR39,AG6,QF42,MR40,LG63,QF43,LG64,MR41,LG65,QF44,MR42,LG66,QF45,LG67,MR43,QF46,LG68,MR44,LG69,QF47,LG70,MR45,LG71,QF48,MR46,LG72,QF49,MR47
# of Players,16,29,22,30,12,20,27,25,15,21,18,20,14,15,15,14,20,21,28,29,20,29,32,17,27,36,22,27,27,19,29,28,21,27,26,32,17,36,28,19,19,18,21,17,24,26,17,23,19,28,22,27,18,28,17,27,19,28,25,24,22,35,15,21,22,24,34,19,23,29,20,34,16,22,21,17,22,30,18,27,20,20,21,17,28,22,21,24,34,26,32,31,20,25,20,27,23,16,17,37,16,17,20,17,25,19,29,22,12,20,27,15,16,14,19,19,19,25,22,17,22,20,19,21,30,14,18,15,24,13,17,14,21,17,17,20,13,17,19,22,13,15,14,14,15,18,15,15,14,16,15,24,12,14,15,16,16,14,27,22,32,23,22,25,18,21,20,13,,,,,,,,,,
Total Rank,132,16,59,13,166,84,29,43,140,73,110,84,152,140,140,152,84,73,22,16,84,16,8,117,29,2,59,29,29,98,16,22,73,29,40,8,117,2,22,98,98,110,73,117,49,40,117,55,98,22,59,29,110,22,117,29,98,22,43,49,59,4,140,73,59,49,5,98,55,16,84,5,132,59,73,117,59,13,110,29,84,84,73,117,22,59,73,49,5,40,8,12,84,43,84,29,55,132,117,1,132,117,84,117,43,98,16,59,166,84,29,140,132,152,98,98,98,43,59,117,59,84,98,73,13,152,110,140,49,162,117,152,73,117,117,84,162,117,98,59,162,140,152,152,140,110,140,140,152,132,140,49,166,152,140,132,132,152,29,59,8,55,59,43,110,73,84,162,,,,,,,,,,
# of Spectators,3,2,5,1,11,2,4,5,9,4,2,5,4,4,5,4,2,6,6,8,17,9,8,22,19,4,22,18,13,18,11,18,21,15,16,9,20,8,18,22,18,19,13,18,17,14,21,15,16,10,16,13,16,10,22,10,15,1,1,1,0,0,2,0,2,2,5,3,4,3,1,2,2,2,1,3,3,2,1,1,1,2,0,1,1,0,1,7,7,5,2,0,1,1,10,10,13,13,16,9,20,18,14,15,8,12,6,6,3,4,8,4,1,8,4,0,0,1,0,0,3,1,3,0,8,2,0,1,0,0,3,2,1,3,3,5,4,5,6,2,0,2,2,1,0,6,0,9,8,3,0,1,0,2,0,0,0,0,2,0,4,0,0,0,2,0,0,0,,,,,,,,,,
Rank,85,97,65,118,37,97,73,65,44,73,97,65,73,73,65,73,97,59,59,49,18,44,49,1,9,73,1,11,31,11,37,11,5,25,20,44,7,49,11,1,11,9,31,11,18,29,5,25,20,39,20,31,20,39,1,39,25,118,118,118,139,139,97,139,97,97,65,85,73,85,118,97,97,97,118,85,85,97,118,118,118,97,139,118,118,139,118,57,57,65,97,139,118,118,39,39,31,31,20,44,7,11,29,25,49,36,59,59,85,73,49,73,118,49,73,139,139,118,139,139,85,118,85,139,49,97,139,118,139,139,85,97,118,85,85,65,73,65,59,97,139,97,97,118,139,59,139,44,49,85,139,118,139,97,139,139,139,139,97,139,73,139,139,139,97,139,139,139,,,,,,,,,,
# of E. Kills,5,14,3,4,3,4,0,11,7,5,0,9,4,6,3,4,3,0,9,7,3,0,8,6,14,3,6,0,5,6,11,6,9,7,0,6,5,14,11,4,5,4,7,4,0,2,6,2,7,6,7,3,3,7,5,5,2,7,0,7,0,3,5,3,0,6,9,6,8,2,2,14,0,7,10,3,6,5,6,2,4,7,5,3,6,0,4,13,0,6,0,0,4,7,7,0,6,3,4,13,6,5,0,3,1,5,4,0,2,2,9,3,7,0,4,0,0,0,1,4,4,6,5,0,0,2,6,0,5,4,7,4,5,3,4,0,3,0,3,1,1,5,4,2,4,0,5,0,4,0,5,7,2,6,6,6,0,2,0,7,11,0,7,6,6,6,4,5,,,,,,,,,,
# of Neutral Evil Kils,0,0,0,0,0,0,0,0,0,0,0,0,0,0,1,0,0,0,0,0,0,0,0,0,0,0,0,0,0,0,0,0,0,0,0,0,0,0,0,1,1,0,0,0,0,0,0,0,0,0,0,3,0,0,0,0,1,2,0,0,0,0,0,5,0,0,0,0,0,4,0,0,0,0,0,0,0,0,0,0,0,0,0,0,0,0,0,0,0,1,0,0,0,0,0,0,0,0,4,0,0,0,0,0,1,0,0,0,0,0,0,0,0,4,0,0,0,0,0,0,0,0,0,0,0,3,0,0,0,0,0,0,3,0,2,0,0,0,0,9,0,1,0,0,0,0,0,0,0,0,0,0,0,0,0,0,5,0,0,0,3,0,0,0,0,0,0,0,,,,,,,,,,
# of V. Kills,1,2,1,4,0,2,0,0,0,1,0,0,1,0,1,0,3,0,0,3,0,0,0,1,1,5,1,0,2,0,1,1,0,2,0,3,0,1,0,1,0,0,1,2,4,2,4,3,0,2,0,0,2,1,2,1,0,0,0,0,0,0,1,1,0,1,0,0,0,0,0,0,0,0,0,2,0,1,0,3,3,0,1,1,0,0,2,0,0,0,0,0,0,0,1,2,0,2,0,0,0,1,0,0,1,0,0,0,0,0,0,2,0,0,2,0,0,0,0,0,1,0,0,0,0,0,0,0,1,0,0,0,0,0,0,4,1,0,0,1,0,0,0,0,0,0,0,0,0,0,0,3,0,0,0,0,1,1,4,0,1,0,0,0,1,0,0,0,,,,,,,,,,
# of Lynches,4,7,7,8,3,7,5,8,3,5,4,5,5,4,6,4,4,0,6,7,6,7,6,5,2,9,12,1,6,6,8,12,8,10,0,10,2,7,6,4,7,6,5,4,0,4,4,0,3,7,6,2,4,11,7,9,6,9,7,6,6,6,6,5,6,7,10,7,8,6,3,11,8,1,9,2,4,8,5,0,7,8,9,5,8,6,4,6,0,8,1,6,6,7,7,8,6,5,6,10,3,6,3,8,2,4,8,0,2,4,10,4,2,5,5,0,0,0,5,6,6,5,7,0,5,3,6,0,6,8,4,7,8,7,6,1,3,4,7,12,3,5,5,0,3,3,6,5,4,0,7,6,4,6,8,7,6,0,1,7,10,0,7,7,4,14,5,4,,,,,,,,,,
# of FF Deaths,0,2,3,4,0,1,4,2,0,1,0,1,0,0,1,0,1,0,3,0,0,0,4,3,1,3,2,0,4,0,3,5,0,2,0,5,0,5,0,1,3,0,0,0,2,0,0,5,1,5,0,1,1,2,1,0,1,1,0,0,0,0,0,0,0,3,3,0,0,0,1,0,0,0,1,1,0,2,0,3,4,0,0,1,1,0,0,0,0,0,0,0,0,0,1,0,0,0,0,3,0,0,0,0,0,0,0,0,0,0,1,0,2,0,1,0,0,0,5,1,1,0,0,0,0,0,0,0,0,0,0,0,0,0,0,2,0,0,0,0,0,0,0,0,0,0,0,0,0,9,0,6,0,0,0,0,0,0,2,1,1,0,0,0,0,0,0,1,,,,,,,,,,
# of Neutral Deaths,0,0,0,1,0,0,12,0,0,0,0,0,0,0,0,0,0,20,0,0,0,17,0,0,0,2,0,3,0,1,0,0,0,0,0,0,0,0,0,2,0,2,0,0,7,4,0,13,0,2,3,4,0,1,0,7,0,3,18,2,11,6,0,1,8,1,0,0,0,2,2,0,0,0,0,1,0,0,0,7,0,0,1,0,0,8,2,0,0,2,3,9,0,0,0,0,0,0,0,0,0,0,14,0,0,0,0,0,0,0,0,0,0,0,1,0,0,15,0,0,0,0,0,18,7,0,0,0,0,0,0,0,0,4,0,1,1,0,0,0,0,0,0,0,0,0,0,0,0,0,0,0,0,0,0,0,0,0,4,0,0,0,0,0,0,0,0,0,,,,,,,,,,
# of Inactive Deaths,0,0,0,0,0,0,0,0,0,0,0,0,0,0,0,0,1,0,0,0,0,4,0,0,2,3,0,0,0,0,1,1,0,1,0,0,5,0,1,0,1,0,4,1,0,2,0,0,1,1,0,0,1,2,0,0,0,2,0,0,3,2,1,1,0,4,0,2,5,0,0,0,3,0,0,0,0,1,0,0,0,0,0,0,0,0,0,1,0,0,0,0,3,0,2,0,0,0,0,7,4,1,0,3,0,0,3,0,0,2,2,1,1,0,0,0,0,0,0,0,2,0,4,0,0,0,0,0,0,0,0,0,0,0,1,0,0,0,0,0,0,0,0,0,1,0,2,0,0,0,1,0,0,0,0,0,2,0,0,2,2,0,3,1,2,0,1,0,,,,,,,,,,
# of Deaths,10,25,14,21,6,14,21,21,10,12,4,15,10,10,12,8,12,20,18,17,9,28,18,15,20,25,21,4,17,13,24,25,17,22,0,24,12,27,18,13,17,12,17,11,13,14,14,23,12,23,16,13,11,24,15,22,10,24,25,15,20,17,13,16,14,22,22,15,21,14,8,25,11,8,20,9,10,17,11,15,18,15,16,10,15,14,12,20,0,17,4,15,13,14,18,10,12,10,14,33,13,13,17,14,5,9,15,0,4,8,22,10,12,9,13,0,0,15,11,11,14,11,16,18,12,8,12,0,12,12,11,11,16,14,13,8,8,4,10,23,4,11,9,2,8,3,13,5,8,9,13,22,6,12,14,13,14,3,11,17,28,0,17,14,13,20,10,10,,,,,,,,,,
Rank,121,5,67,23,149,67,23,23,121,96,153,56,121,121,96,140,96,28,34,40,134,2,34,56,28,5,23,153,40,82,10,5,40,17,162,10,96,4,34,82,40,96,40,110,82,67,67,14,96,14,51,82,110,10,56,17,121,10,5,56,28,40,82,51,67,17,17,56,23,67,140,5,110,140,28,134,121,40,110,56,34,56,51,121,56,67,96,28,162,40,153,56,82,67,34,121,96,121,67,1,82,82,40,67,151,134,56,162,153,140,17,121,96,134,82,162,162,56,110,110,67,110,51,34,96,140,96,162,96,96,110,110,51,67,82,140,140,153,121,14,153,110,134,161,140,159,82,151,140,134,82,17,149,96,67,82,67,159,110,40,2,162,40,67,82,28,121,121,,,,,,,,,,
# of Eliminators,4,5,5,6,3,4,0,5,3,4,4,3,3,4,3,4,6,0,5,6,4,0,5,4,6,8,4,4,5,4,5,6,4,7,6,7,3,8,5,4,4,4,4,4,4,6,8,5,4,5,7,5,4,10,4,5,8,10,0,7,0,10,4,7,0,6,6,5,4,8,4,6,3,5,1,3,6,5,5,6,5,5,4,3,4,0,4,2,6,8,0,0,4,4,4,5,3,3,3,5,3,4,0,4,6,7,7,0,3,4,6,3,4,0,4,2,3,0,6,4,5,4,3,0,0,3,5,0,5,3,5,3,4,4,4,14,4,4,3,8,1,3,4,3,4,5,3,4,4,0,3,6,3,3,4,3,2,1,7,5,9,6,4,7,4,10,3,3,,,,,,,,,,
Eliminator Percentage,#REF!,17.24%,22.73%,20.00%,25.00%,20.00%,---,20.00%,20.00%,19.05%,22.22%,15.00%,21.43%,26.67%,20.00%,28.57%,30.00%,---,17.86%,20.69%,20.00%,---,15.63%,23.53%,22.22%,22.22%,18.18%,14.81%,18.52%,21.05%,17.24%,21.43%,19.05%,25.93%,23.08%,21.88%,17.65%,22.22%,17.86%,21.05%,21.05%,22.22%,19.05%,23.53%,16.67%,23.08%,47.06%,21.74%,21.05%,17.86%,31.82%,18.52%,22.22%,35.71%,23.53%,18.52%,42.11%,35.71%,---,29.17%,---,28.57%,26.67%,33.33%,---,25.00%,17.65%,26.32%,17.39%,27.59%,20.00%,17.65%,18.75%,22.73%,4.76%,17.65%,27.27%,16.67%,27.78%,22.22%,25.00%,25.00%,19.05%,17.65%,14.29%,---,19.05%,8.33%,17.65%,30.77%,---,---,20.00%,16.00%,20.00%,18.52%,13.04%,18.75%,17.65%,13.51%,18.75%,23.53%,---,23.53%,24.00%,36.84%,24.14%,---,25.00%,20.00%,22.22%,20.00%,25.00%,---,21.05%,10.53%,15.79%,---,27.27%,23.53%,22.73%,20.00%,15.79%,---,---,21.43%,27.78%,---,20.83%,23.08%,29.41%,21.43%,19.05%,23.53%,23.53%,70.00%,30.77%,23.53%,15.79%,36.36%,7.69%,20.00%,28.57%,21.43%,26.67%,27.78%,20.00%,26.67%,28.57%,---,20.00%,25.00%,25.00%,21.43%,26.67%,18.75%,12.50%,7.14%,25.93%,22.73%,28.13%,26.09%,18.18%,28.00%,22.22%,47.62%,15.00%,23.08%,,,,,,,,,,
Eliminators Lynched,0,1,4,2,0,2,0,4,0,3,4,0,2,1,1,1,2,0,1,3,4,0,5,1,0,3,3,1,3,1,1,5,2,4,0,3,0,0,1,1,3,0,3,2,0,2,4,0,0,2,1,0,2,7,2,1,4,4,0,2,0,4,3,2,0,4,4,1,2,1,0,2,2,0,0,0,0,3,1,0,1,4,3,2,1,0,1,1,0,4,0,0,0,2,2,3,0,1,2,3,0,3,0,2,0,1,6,0,0,2,3,1,2,0,2,0,0,0,2,0,3,1,1,0,0,2,2,0,4,3,0,3,3,3,0,1,0,0,3,4,0,0,0,0,1,3,2,1,1,0,2,2,2,3,3,1,1,0,0,1,5,0,1,1,0,9,3,1,,,,,,,,,,
Eliminators Vig'd,1,2,1,4,0,2,0,0,0,1,0,0,1,0,1,0,3,0,0,3,0,0,0,1,1,5,1,0,2,0,1,1,0,2,0,3,0,1,0,0,0,0,1,2,4,2,3,3,0,2,0,0,2,1,2,1,0,0,0,0,0,0,1,1,0,1,0,0,0,0,0,0,0,0,0,2,0,1,0,3,3,0,1,1,0,0,2,0,0,0,0,0,0,0,1,2,0,2,0,0,0,1,0,0,1,0,0,0,0,0,0,2,0,0,2,0,0,0,0,0,1,0,0,0,0,0,0,0,1,0,0,0,0,0,0,4,1,0,0,1,0,0,0,0,0,0,0,0,0,0,0,3,0,0,0,0,0,0,4,0,1,0,0,0,1,0,0,0,,,,,,,,,,
Thread Reply Count,462,"1,232",739,"1,029",118,617,384,503,361,657,355,451,201,226,343,210,711,221,825,"1,049",239,530,651,339,395,"1,301",529,665,607,271,976,"1,250",645,821,209,"1,484",285,937,869,366,529,493,581,311,"1,161",793,624,687,278,"1,130",652,"1,044",554,"1,768",355,972,727,"1,559",430,473,537,"1,344",323,589,392,464,980,357,434,984,329,"1,403",124,958,360,313,246,962,368,"1,286",395,628,848,433,"1,742",735,685,835,"1,108",883,780,522,336,562,433,550,233,351,410,"1,054",175,388,352,520,"1,385",443,"1,185",268,509,406,862,305,266,503,378,392,392,1062,454,177,426,583,458,288,"1,226",185,472,222,"1,116",220,528,258,918,541,525,382,229,329,504,744,286,,,,,,,,,,,,,,,,,,,,,,,,,,,,,,,,,,,,,
Thread Reply Rank,79,11,41,22,141,54,97,73,102,48,105,82,136,130,109,134,44,132,36,20,127,64,50,110,91,8,65,47,55,122,25,10,51,37,135,4,120,29,32,101,65,75,58,116,14,38,53,45,121,15,49,21,60,1,105,26,43,3,87,76,63,7,114,56,93,78,24,104,84,23,112,5,140,28,103,115,126,27,100,9,91,52,34,85,2,42,46,35,17,31,39,69,111,59,85,61,128,108,89,19,139,96,107,70,6,83,13,123,71,90,33,117,124,73,99,99,93,93,81,138,88,57,80,118,12,137,77,131,16,133,16,125,129,62,68,98,129,112,72,40,119,#N/A,#N/A,#N/A,#N/A,#N/A,#N/A,#N/A,#N/A,#N/A,#N/A,#N/A,#N/A,#N/A,#N/A,#N/A,#N/A,#N/A,#N/A,#N/A,#N/A,#N/A,#N/A,#N/A,#N/A,#N/A,#N/A,#N/A,,,,,,,,,,
Setting,Cosmere,Cosmere,Cosmere,Cosmere,Cosmere,Cosmere,Cosmere,Wheel of Time,Cosmere,Cosmere,Cosmere,Cosmere,Cosmere,Non Cosmere,Non Cosmere,Cosmere,Cosmere,Non Sanderson,Cosmere,Cosmere,Non Cosmere,Sanderson Misc,Cosmere,Cosmere,Cosmere,Cosmere,Cosmere,Cosmere,Cosmere,Cosmere,Cosmere,Cosmere,Cosmere,Cosmere,Cosmere,Cosmere,Cosmere,Cosmere,Cosmere,Non Cosmere,Non Cosmere,Cosmere,Cosmere,Non Sanderson,Non Sanderson,Non Cosmere,Cosmere,Cosmere,Cosmere,Cosmere,Non Sanderson,Cosmere,Non Sanderson,Wheel of Time,Cosmere,Cosmere,Cosmere,Cosmere,Non Sanderson,Cosmere,Cosmere,Cosmere,Non Sanderson,Non Sanderson,Non Sanderson,Cosmere,Cosmere,Cosmere,Non Sanderson,Cosmere,Cosmere,Cosmere,Non Sanderson,Cosmere,Cosmere,Cosmere,Cosmere,Cosmere,Non Cosmere,Non Sanderson,Non Cosmere,Non Sanderson,Cosmere,Non Cosmere,Cosmere,Cosmere,Cosmere,Cosmere,Non Sanderson,Non Cosmere,Cosmere,Cosmere,Non Sanderson,Cosmere,Cosmere,Cosmere,,Cosmere,Cosmere,Cosmere,Cosmere,Non Cosmere,Cosmere,Cosmere,Cosmere,Cosmere,Cosmere,Non Cosmere,Cosmere,Non Sanderson,Non Sanderson,Cosmere,Non Sanderson,Cosmere,Cosmere,Cosmere,Cosmere,Cosmere,Cosmere,Non Cosmere,Cosmere,Wheel of Time,Cosmere,Non Cosmere,Cosmere,Cosmere,Cosmere,Non Cosmere,Non Cosmere,Non Cosmere,Cosmere,Cosmere,Cosmere,,,,,,,Cosmere,Cosmere,Cosmere,,,,,,,,,,,,,,,,,,,,,,,,,,,,,,,,,,,,
Game Complexity,Basic,Standard,Basic,Standard,Basic,Standard,Faction/Free For All,Semi Standard,Standard,Semi Standard,Standard,Complex,Standard,Standard,Standard,Standard,Semi Standard,Faction/Free For All,Basic,Complex,Standard,Faction/Free For All,Complex,Standard,Semi Standard,Complex,Standard,Faction/Free For All,Standard,Standard,Standard,Semi Standard,Standard,Standard,Standard,Standard,Standard,Semi Standard,Basic,Standard,Standard,Complex,Semi Standard,Standard,Complex,Semi Standard,Complex,Semi Standard,Standard,Standard,Semi Standard,Complex,Semi Standard,Semi Standard,Basic,Semi Standard,Semi Standard,Complex,Faction/Free For All,Standard,Faction/Free For All,Complex,Semi Standard,Semi Standard,Complex,Standard,Complex,Basic,Standard,Complex,Semi Standard,Basic,Standard,Complex,Basic,Semi Standard,Standard,Standard,Standard,Complex,Standard,Standard,Standard,Basic,Semi Standard,Semi Standard,Complex,Basic,Complex,,Complex,Basic,Standard,Standard,Standard,Faction/Free For All,Basic,Standard,Semi Standard,Basic,Standard,Basic,Faction/Free For All,Basic,Complex,,Complex,Faction/Free For All,Faction/Free For All,Semi Standard,Semi Standard,Basic,,,Complex,,,Faction/Free For All,Semi Standard,Semi Standard,Standard,Complex,Standard,Faction/Free For All,Faction/Free For All,Standard,Semi Standard,,,Basic,Complex,Semi Standard,Basic,,,,,,,Complex,Semi Standard,,,,,,,,,,,,,,,,,,,,,,,,,,,,,,,,,,,,,
# of Cycles,4,11,7,9,4,7,7,8,10,6,5,10,5,6,6,5,7,6,9,10,7,12,8,5,6,9,11,12?,8,6,13,15,11,11,1,10,7,11,11,6,8,6,9,5,7,6,8,12,5,12,7,6,5,11,9,9,6,9,10,6,10,9,7,8,7,7,11,7,8,8,3,15,8,9,10,2,3,11,5,10,6,9,9,6,8,9,8,7,5,8,5,16,6,10,9,8,7,6,5,12,4,6,8,8,5,6,8,7,8,5,10,5,6,6,5,1,3,12,7,6,7,6,8,,,,,,,,,,,,,,,,,,,,,,,,,,,,,,,,,,,,,,,,,,,,,,,,,,,,,,,
Winning Team,Eliminator,Eliminator,Village,Village,Eliminator,Village,Faction,Village,Eliminator,Village,Village,Eliminator,Village,Eliminator,Eliminator,Eliminator,Village,Free For All,Eliminator,Village,Village,Faction,Village,Eliminator,Eliminator,Village,Village,Village,Village,Eliminator,Eliminator,Village,Eliminator,Village,Eliminator,Village,Eliminator,Eliminator,Eliminator,Eliminator,Village,Eliminator,Village,Village,Village,Faction,Eliminator,Draw,Eliminator,Village,Eliminator,Eliminator,Village,Village,Village,Eliminator,Village,Eliminator,Free For All,Eliminator,Faction,Misc,Village,Eliminator,Faction,Village,Village,Eliminator,Eliminator,Eliminator,Misc,Eliminator,Village,Eliminator,Eliminator,Village,Eliminator,Village,Eliminator,Village,Eliminator,Draw,Village,Village,Eliminator,Village,Village,Eliminator,Misc,Misc,No One,Village,Eliminator,Eliminator,Eliminator,Faction,Misc,Village,Faction,Eliminator,Eliminator,Village,Free For All,Eliminator,Misc,Faction,Village,Village,Faction,Village,Eliminator,Village,Eliminator,Village,Village,Village,Village,Misc,Eliminator,Eliminator,Village,Eliminator,Eliminator,,Faction,,Eliminator,,,,,,Village,,,,,,,Misc,Village,,,,,,,,,,,,,,,,,,,,,,,,,,,,,,,,,,,,,
# of Survivors,6,4,8,9,6,6,6,4,5,9,14,5,4,5,3,6,8,1,10,12,11,1,14,2,7,10,1,10,10,6,5,3,4,5,26,8,5,9,10,6,2,6,4,6,8,12,3,0,7,5,6,13,7,3,2,5,8,4,0,9,2,18,2,4,8,2,12,4,2,15,12,9,5,9,1,8,12,13,7,6,2,5,5,7,13,8,9,4,1,8,27,16,7,10,2,4,11,6,2,4,3,4,3,3,17,3,13,0,0,12,5,5,4,5,6,0,0,10,11,5,8,8,3,2,18,6,6,15,0,1,6,3,5,3,4,12,5,13,9,2,9,4,4,12,7,15,2,10,6,7,2,2,6,2,1,1,2,0,0,5,4,0,5,11,5,1,10,3,,,,,,,,,,
Total Rank,86,49,112,123,86,86,86,49,66,123,158,66,49,66,37,86,112,11,132,145,141,11,158,20,104,132,11,132,132,86,66,37,49,66,167,112,66,123,132,86,20,86,49,86,112,145,37,1,104,66,86,153,104,37,20,66,112,49,1,123,20,165,20,49,112,20,145,49,20,160,145,123,66,123,11,112,145,153,104,86,20,66,66,104,153,112,123,49,11,112,168,163,104,132,20,49,141,86,20,49,37,49,37,37,164,37,153,1,1,145,66,66,49,66,86,1,1,132,141,66,112,112,37,20,165,86,86,160,1,11,86,37,66,37,49,145,66,153,123,20,123,49,49,145,104,160,20,132,86,104,20,20,86,20,11,11,20,1,1,66,49,1,66,141,66,11,132,37,,,,,,,,,,
Survivors,Claincy,Aether,Meta,Mailliw73,Claincy,Meta,Gamma,little wilson,Herowannabe,Meta,Mailliw73,Alvron,Mailliw73,Alvron,Gamma,Alvron,Alvron,Dominic,Mailliw73,Meta,Meta,Gamma,Meta,Feligon,Gamma,Meta,Clanky,A Joe in the Bush,Mailliw73,Wyrmhero,TheSilverDragon,Mailliw73,Alvron,Phattemer,Mailliw73,Clanky,Meta,Aonar,Weiry,Kipper,Twei,Clanky,Clanky,Sart,A Joe in the Bush,Alvron,Araris Valerian,,A Joe in the Bush,Macen,Haelbarde,Mailliw73,Mailliw73,Meta,Mailliw73,Alvron,Eolhondras,Alvron,,Meta,Nyali,Sart,daniyah,AliasSheep,Araris Valerian,Ecthelion,Araris Valerian,Wonko the Sane,Nyali,Aonar,A Joe in the Bush,little wilson,Amanuensis,Alvron,Magestar,Orlok Tsubodai,Phattemer,little wilson,A Joe in the Bush,A Joe in the Bush,Orlok Tsubodai,Quiver,Araris Valerian,Seonid,little wilson,Alvron,Alvron,Orlok Tsubodai,Elbereth,Bridge Boy/Elithanathile,little wilson,Seonid,Alvron,little wilson,Arinian,Young Bard,A Joe in the Bush,Alvron,Straw,Kynedath,Alvron,Jondesu,Orlok Tsubodai,Ecthelion,A Joe in the Bush,Orlok Tsubodai,little wilson,,,Eternum,Walin,Arraenae,I think I am here.,_Stick_,Bort,,,Herowannabe,xxGaea,Mr. Doctor,xinoehp512,Steeldancer,Mailliw73,A Joe in the Bush,Lumgol,Roadwalker,I think I am here.,Lumgol,,Steeldancer,Furamirionind,Cadmium Compounder,Snipexe,Elandera,Lumgol,Elandera,Butt Ad Venture,xinoehp512,Haelbarde,Drake Marshall,Furamirionind,Haelbarde,xinoehp512,I think I am here.,Elandera,Haelbarde,STINK,Straw,Wonko the Sane,Elbereth,Kynedath,Cadmium Compounder,Kynedath,Rathmaskal,Rathmaskal,Kynedath,Experience,,,The_God_King,Coda,,Ashbringer,Araris Valerian,TJ Shade,The Young Pyromancer,Ashbringer,,,,,,,,,,,
,Gamma,Quiver,Edgedancer,bartbug,Alvron,Luckat,Luckat,Chid/Newan,A Joe in the Bush,Gamma,Gamma,A Joe in the Bush,Aonar,Wyrmhero,little wilson,Aonar,Luckat,,Claincy,Peng,Gamma,,Luckat,Clanky,Rainspren,Wyrmhero,,Araris Valerian,A Joe in the Bush,Jain,Orlok Tsubodai,Kipper,A Joe in the Bush,Anamaximder,little wilson,Phattemer,Alvron,Twei,Sart,Orlok Tsubodai,Elbereth,TheMightyLopen,Shallan,Kipper,dowanx,Clanky,Burnt Spaghetti,,Macen,Zas,Burnt Spaghetti,Alvron,A Joe in the Bush,TheMightyLopen,Sart,Araris Valerian,LadyEowyn/Emilylime,Orlok Tsubodai,,Luckat,Elenion,Araris Valerian,Lady of Chaos,Young Bard,Burnt Spaghetti,_Stick_,Seonid,Amanuensis,JUQ,Sart,Silverblade5,Herowannabe,Magestar,TheSilverDragon,,Silverblade5,Orlok Tsubodai,Silverblade5,Orlok Tsubodai,Burnt Spaghetti,Yitzi2,Alvron,Elenion,Ecthelion,Araris Valerian,Sart,Aonar,Bridge Boy/Elithanathile,,Hemalurgic Headshot,Aonar,TheMightyLopen,Orlok Tsubodai,Aonar,Drake Marshall,Arinian,Araris Valerian,Arinian,Steeldancer,Magestar,livinglegend,BrightnessRadiant,xxGaea,BrightnessRadiant,Sart,Amanuensis,Straw,,,Droughtbringer,Snipexe,Snipexe,Snipexe,I think I am here.,Cadmium Compounder,,,Snipexe,Fifth Scholar,Devotary of Spontaneity,Araris Valerian,DeTess,Lumgol,Droughtbringer,Jondesu,I think I am here.,Steeldancer,Coop772,,,xinoehp512,Mailliw73,Ark1002,Furamirionind,Fifth Scholar,Straw,Araris Valerian,Lumgol,Snipexe,xxGaea,Cicada,Furamirionind,Rathmaskal,DeTess,Burnt Spaghetti,Straw,Straw,Fifth Scholar,Abstrusity,Lemonelon,Elandera,Burnt Spaghetti,The_God_King,StrikerEZ,,,Sart,,,Lord_Silberfarben,Mist,,Straw,Devotary of Spontaneity,Orlok Tsubodai,,Araris Valerian,,,,,,,,,,,
,bartbug,little wilson,Mailliw73,PorridgeBrick,Luckat,Aspren,Tulir,Twei,Chid/Newan,Aonar,Alvron,Gleeman,A Joe in the Bush,Jain,Aonar,Sart,Chid/Newan,,Peng,Alvron,Peng,,Tulir,,Ostrich,Sart,,Seonid,Twei,Sir Jerric,Anamaximder,STINK,Feligon,polkinghornhd,Alvron,Orlok Tsubodai,Bort,Feligon,Jain,Paranoid King,,Amanuensis,TheMightyLopen,Orlok Tsubodai,Clanky,TheSilverDragon,Mark IV,,Phattemer,STINK,Elbereth,A Joe in the Bush,Araris Valerian,Bugsy,,Phattemer,Amanuensis,TheMightyLopen,,Master Elodin,,Clanky,,_Stick_,Amanuensis,,Clanky,Nyali,,Kasimir,Kynedath,A Joe in the Bush,Assassin in Burgundy,Elbereth,,Amanuensis,TheMightyLopen,Mark IV,Amanuensis,Paranoid King,,Seonid,Manukos,Jondesu,Orlok Tsubodai,Elbereth,Clanky,Ecthelion,,Shqueeves,Sart,Mark IV,Jondesu,Araris Valerian,,Manukos,Phattemer,Droughtbringer,,Frozen Mint,Steeldancer,Eternum,Fifth Scholar,Devotary of Spontaneity,Elbereth,_Stick_,King Cole,,,Devotary of Spontaneity,Straw,The Young Pyromancer,xinoehp512,Araris Valerian,_Stick_,,,MetaTerminal,Kidpen,Droughtbringer,Rathmaskal,Karnatheon,Karnatheon,,Cadmium Compounder,Ark1002,xinoehp512,Elandera,,,Rathmaskal,A Joe in the Bush,Hemalurgic Headshot,Young Bard,_Stick_,Rathmaskal,Alvron,StrikerEZ,shanerockes,,Drake Marshall,DeTess,Butt Ad Venture,xinoehp512,Rathmaskal,Kasimir,,Coda,Lemonelon,Elkanah,,,StrikerEZ,,,,,,,Elbereth,BrightnessRadiant,,Vapor,Frozen Mint,Burnt Spaghetti,,TJ Shade,,,,,,,,,,,
,little wilson,Windy,Gamma,Herowannabe,elwarko,Macen,Sart,QuiteContrary,Renegade,Luckat,Aonar,dants,Tulir,Kasimir,,Jain,Kasimir,,A Joe in the Bush,Luckat,Luckat,,Jain,,Wonko the Sane,Renegade,,Kipper,Araris Valerian,Bort,Shallan,,Amanuensis,Creccio,Araris Valerian,TheMightyLopen,Orlok Tsubodai,Paranoid King,Bort,TheMightyLopen,,Elbereth,Kynedath,TheMightyLopen,Wonko the Sane,Burnt Spaghetti,,,Paranoid King,Kynedath,Straw,Leif,TheSilverDragon,,,Zas,Elbereth,STINK,,Straw,,Wonko the Sane,,Jondesu,Elbereth,,Wonko the Sane,_Stick_,,Araris Valerian,Young Bard,Wyrmhero,daniyah,Ecthelion,,Straw,Straw,Bugsy,Elenion,Straw,,Paranoid King,Hemalurgic Headshot,Yitzi2,Paranoid King,Straw,daniyah,Overlord Jebus,,Asterion,Winter,Straw,Manukos,Seonid,,Sami,Orlok Tsubodai,Ornstein,,Droughtbringer,,Devotary of Spontaneity,,,Magestar,,Devotary of Spontaneity,,,Walin,Mr. Doctor,TheMightyLopen,GreenRover,Cadmium Compounder,Jondesu,,,Cadmium Compounder,Devotary of Spontaneity,Megasif,Shqueeves,Cadmium Compounder,,,Dalinar Kholin,Devotary of Spontaneity,Furamirionind,Devotary of Spontaneity,,,Ark1002,,Straw,,Snipexe,Mailliw73,Shqueeves,BrightnessRadiant,Doctor 12,,_Stick_,Hemalurgic Headshot,ILuvHats,Elandera,Elbereth,Amanuensis,,xinoehp512,Elandera,StrikerEZ,,,Feruchemical Skybreaker,,,,,,,Sart,The_God_King,,Eternum,Illwei,The_Truthwatcher,,Frozen Mint,,,,,,,,,,,
,Oudeis/Darnam,,Swimmingly,Macen,GreyPilgrim,Wyrmhero,Renegade,,jaelre,Ashiok,Luckat,Pupper,,Twei,,Ashiok,Renegade,,Macen,Tulir,Sart,,Lev,,Emerald101,Twei,,Phattemer,dowanx,Vauhsoj,Paranoid King,,,Meandbooks,dowanx,Hellscythe,TheMightyLopen,TheMightyLopen,Orlok Tsubodai,RippleGylf,,Kynedath,,Elbereth,TheMightyLopen,Shallan,,,TheMightyLopen,Nyali,AliasSheep,Phattemer,TheMightyLopen,,,Nyali,Cloudjumper,,,AliasSheep,,Haelbarde,,,Darkness Ascendant,,Paranoid King,,,Zephrer,Ecthelion,Araris Valerian,Arinian,Assassin in Burgundy,,_Stick_,Ecthelion,Elenion,Frozen Mint,Arinian,,Droughtbringer,Steeldancer,BrightnessRadiant,STINK,Frozen Mint,BrightnessRadiant,,,Megasif,Bort,Ecthelion,BrightnessRadiant,Paranoid King,,,Kynedath,Roadwalker,,,,,,,_Stick_,,Droughtbringer,,,Fifth Scholar,Elandera,_Stick_,,Mr. Doctor,Phattemer,,,DeTess,Walin,Gancho Libre,Furamirionind,Amanuensis,,,Mark IV,shanerockes,FatherTiempo,I think I am here.,,,Devotary of Spontaneity,,Coop772,,,Devotary of Spontaneity,Snipexe,Amanuensis,Fifth Scholar,,Cadmium Compounder,,,Burnt Spaghetti,STINK,xinoehp512,,Wonko the Sane,Sart,Wonko the Sane,,,Zillah,,,,,,,Zillah,,,Fifth Scholar,Kynedath,Drake Marshall,,Illwei,,,,,,,,,,,
,loganmathewjohnson,,SirVarrock,Chid/Newan,Adolin Dustbringer,Theorymaker,dants,,,jaelre,Wyrmhero,,,,,Rainspren,Araris Valerian,,Jasnah/Trelagist,Ashiok,Jain,,Araris Valerian,,TheSilverDragon,Mckeedee,,neodymium,Kipper,RavenRadient7,,,,,Kipper,Elbereth,,Amanuensis,RippleGylf,Kamyle,,Water,,DeathClutch,STINK,TheMightyLopen,,,Kynedath,,Cloudjumper,Haelbarde,Hellscythe,,,,Young Bard,,,Young Bard,,Silverblade5,,,Lady of Chaos,,polkinghornhd,,,Master Elodin,Magestar,Wonko the Sane,,Doctor 12,,Jondesu,Elenion,Magestar,Hemalurgic Headshot,BrightnessRadiant,,,,Steeldancer,Elbereth,Drake Marshall,Roadwalker,,,Sami,Clanky,daniyah,Sony,Doctor 12,,,Young Bard,Devotary of Spontaneity,,,,,,,livinglegend,,Mraize,,,Snipexe,,,,,Ark1002,,,Steeldancer,I think I am here.,,Aonar,Mark IV,,,Devotary of Spontaneity,Steeldancer,Snipexe,xinoehp512,,,Levitaph,,,,,StrikerEZ,,Drake Marshall,Rathmaskal,,Rathmaskal,,,Young Bard,Devotary of Spontaneity,Wonko the Sane,,Pejidot,Elkanah,_Stick_,,,Rathmaskal,,,,,,,,,,,Lord_Silberfarben,,,Vapor,,,,,,,,,,,
,,,Lanscaper,Adolin Dustbringer,,,,,,Kal Dell,Jain,,,,,,Mckeedee,,Mckeedee,Winter,Winter,,Rainspren,,Orlok Tsubodai,Seonid,,Orlok Tsubodai,Clanky,,,,,,Clanky,Queensteph,,polkinghornhd,Elbereth,,,,,,Firemuffin,STINK,,,Bugsy,,,Burnt Spaghetti,Conquestor,,,,Ecthelion,,,Assassin in Burgundy,,Burnt Spaghetti,,,JUQ,,Elbereth,,,Straw,Assassin in Burgundy,Orlok Tsubodai,,JUQ,,Bort,Magestar,Darkness Ascendant,DeTess,,,,,StrikerEZ,Cloudjumper,Steeldancer,Asterion,,,King Cole,Orlok Tsubodai,Jondesu,Mestiv,Shqueeves,,,livinglegend,,,,,,,,Arinian,,Kidpen,,,Alvron,,,,,,,,Furamirionind,Alvron,,A Joe in the Bush,Furamirionind,,,DeTess,,,Young Bard,,,,,,,,Ventyl,,Devotary of Spontaneity,Young Bard,,shanerockes,,,_Stick_,Arraenae,Pejidot,,Burnt Spaghetti,,Manukos,,,,,,,,,,,,,,Magestar,,,Kasimir,,,,,,,,,,,
,,,Chid/Newan,nard1993,,,,,,Araris Valerian,Theorymaker,,,,,,Eolhondras,,Seonid,Lord Pifferdoo,Eolhondras,,dowanx,,,dowanx,,Zas,Phattemer,,,,,,Phattemer,Biggoron,,Elbereth,Elkanah,,,,,,Danosaur,Elbereth,,,,,,Amanuensis,,,,,Elenion,,,daniyah,,Bridge Boy/Elithanathile,,,Kiwi,,Mark IV,,,Young Bard,Doctor 12,STINK,,DeTess,,Szeth-son-son-Mallano,_Stick_,Arinian,,,,,,,Dalinar Kholin,Sami,Megasif,,,Rebecca,Bridge Boy/Elithanathile,Arinian,,StrikerEZ,,,Steeldancer,,,,,,,,Drake Marshall,,Cadmium Compounder,,,Megasif,,,,,,,,Devotary of Spontaneity,Straw,,Nohadon,A Joe in the Bush,,,Alvron,,,Snipexe,,,,,,,,Butt Ad Venture,,Mark IV,Sart,,Devotary of Spontaneity,,,Rathmaskal,,Burnt Spaghetti,,Aragorn,,,,,,,,,,,,,,,,The_Truthwatcher,,,Lahilt,,,,,,,,,,,
,,,,Sphinx,,,,,,ScottLeft,Ashiok,,,,,,,,Dominic,Sarcomere,Antillar,,Ostrich,,,Clanky,,Bridge Boy/Elithanathile,LadyEowyn/Emilylime,,,,,,Honey Badger,,,Tony Shark,Mark IV,,,,,,,Kynedath,,,,,,Arraenae,,,,,,,,Doctor 12,,Paranoid King,,,,,Lady of Chaos,,,RubiksCube,Jondesu,_Stick_,,the lazy anarchist,,,Jondesu,Manukos,,,,,,,_Stick_,,Sami,,,,Straw,Droughtbringer,,DarianHammersmith,,,StrikerEZ,,,,,,,,Hemalurgic Headshot,,The Young Pyromancer,,,xinoehp512,,,,,,,,STINK,Droughtbringer,,,,,,Snipexe,,,DeTess,,,,,,,,Snipexe,,shanerockes,STINK,,Sart,,,Elbereth,,Aragorn,,GoWibble,,,,,,,,,,,,,,,,xinoehp512,,,StrikerEZ,,,,,,,,,,,
,,,,,,,,,,,Binnut,,,,,,,,Unodus,Kipper,Vineyarddawg,,Clanky,,,neodymium,,Adamir,Adamir,,,,,,Orlok Tsubodai,,,,Mashadar Mistborn,,,,,,,Mark IV,,,,,,Mark IV,,,,,,,,,,TheMightyLopen,,,,,jefrywlfersn,,,Elenion,Manukos,,,,,,Droughtbringer,Figberts,,,,,,,Arinian,,,,,,Young Bard,BrightnessRadiant,,Davus,,,Asterion,,,,,,,,DeTess,,Hemalurgic Headshot,,,Arraenae,,,,,,,,Kidpen,MetaTerminal,,,,,,Sart,,,Cadmium Compounder,,,,,,,,Kidpen,,TheMightyLopen,,,,,,STINK,,StrikerEZ,,Young Bard,,,,,,,,,,,,,,,,Zillah,,,Elandera,,,,,,,,,,,
,,,,,,,,,,,Twei,,,,,,,,,Feligon,Cheese United,,Nicroburst,,,,,,,,,,,,Anamaximder,,,,,,,,,,,Master Elodin,,,,,,Cloudjumper,,,,,,,,,,Mark IV,,,,,JUQ,,,Dalinar Kholin,Droughtbringer,,,,,,DeTess,Yitzi2,,,,,,,Drake Marshall,,,,,,Magestar,Megasif,,,,,Devotary of Spontaneity,,,,,,,,Megasif,,TheMightyLopen,,,Bort,,,,,,,,,ElephantEarwax,,,,,,I think I am here.,,,Shqueeves,,,,,,,,xinoehp512,,Alvron,,,,,,Butt Ad Venture,,Madagascar,,,,,,,,,,,,,,,,,,shanerockes,,,,,,,,,,,,,,
,,,,,,,,,,,Sir Jerric,,,,,,,,,Leif,,,spencer12347,,,,,,,,,,,,Shallan,,,,,,,,,,,Draigar,,,,,,Conquestor,,,,,,,,,,AliasSheep,,,,,Nathanvanduij,,,_Stick_,Berenion,,,,,,Figberts,Iamspartacus,,,,,,,Shqueeves,,,,,,Darkness Ascendant,Sami,,,,,,,,,,,,,Devotary of Spontaneity,,Jondesu,,,Cadmium Compounder,,,,,,,,,,,,,,,Hemalurgic Headshot,,,Roadwalker,,,,,,,,Sart,,Araris Valerian,,,,,,Devotary of Spontaneity,,GoWibble,,,,,,,,,,,,,,,,,,,,,,,,,,,,,,,,
,,,,,,,,,,,Kal Dell,,,,,,,,,,,,Wonko the Sane,,,,,,,,,,,,Bridge Boy/Elithanathile,,,,,,,,,,,,,,,,,Young Bard,,,,,,,,,,Young Bard,,,,,,,,Darkness Ascendant,,,,,,,,OmeGaster,,,,,,,xxGaea,,,,,,Jondesu,A Budgie,,,,,,,,,,,,,shanerockes,,Coop772,,,,,,,,,,,,,,,,,,xinoehp512,,,Sart,,,,,,,,,,Burnt Spaghetti,,,,,,,,Rathmaskal,,,,,,,,,,,,,,,,,,,,,,,,,,,,,,,,
,,,,,,,,,,,QuiteContrary,,,,,,,,,,,,neodymium,,,,,,,,,,,,Paranoid King,,,,,,,,,,,,,,,,,,,,,,,,,,,Frozen Mint,,,,,,,,Arinian,,,,,,,,,,,,,,,,,,,,,Arinian,King Cole,,,,,,,,,,,,,Fifth Scholar,,,,,,,,,,,,,,,,,,,,Fifth Scholar,,,Alvron,,,,,,,,,,,,,,,,,,STINK,,,,,,,,,,,,,,,,,,,,,,,,,,,,,,,,
,,,,,,,,,,,,,,,,,,,,,,,,,,,,,,,,,,,TheMightyLopen,,,,,,,,,,,,,,,,,,,,,,,,,,,Doctor 12,,,,,,,,Droughtbringer,,,,,,,,,,,,,,,,,,,,,Droughtbringer,Rebecca,,,,,,,,,,,,,The Young Pyromancer,,,,,,,,,,,,,,,,,,,,Furamirionind,,,GreenRover,,,,,,,,,,,,,,,,,,Young Bard,,,,,,,,,,,,,,,,,,,,,,,,,,,,,,,,
,,,,,,,,,,,,,,,,,,,,,,,,,,,,,,,,,,,STINK,,,,,,,,,,,,,,,,,,,,,,,,,,,_Stick_,,,,,,,,,,,,,,,,,,,,,,,,,,,,,Hemalurgic Headshot,Lemonelon,,,,,,,,,,,,,RippleGylf,,,,,,,,,,,,,,,,,,,,shanerockes,,,,,,,,,,,,,,,,,,,,,,,,,,,,,,,,,,,,,,,,,,,,,,,,,,,,,
,,,,,,,,,,,,,,,,,,,,,,,,,,,,,,,,,,,Amanuensis,,,,,,,,,,,,,,,,,,,,,,,,,,,Darkness Ascendant,,,,,,,,,,,,,,,,,,,,,,,,,,,,,DeTess,,,,,,,,,,,,,,Steeldancer,,,,,,,,,,,,,,,,,,,,Drake Marshall,,,,,,,,,,,,,,,,,,,,,,,,,,,,,,,,,,,,,,,,,,,,,,,,,,,,,
,,,,,,,,,,,,,,,,,,,,,,,,,,,,,,,,,,,polkinghornhd,,,,,,,,,,,,,,,,,,,,,,,,,,,livinglegend,,,,,,,,,,,,,,,,,,,,,,,,,,,,,Bort,,,,,,,,,,,,,,,,,,,,,,,,,,,,,,,,,,Shqueeves,,,,,,,,,,,,,,,,,,,,,,,,,,,,,,,,,,,,,,,,,,,,,,,,,,,,,
,,,,,,,,,,,,,,,,,,,,,,,,,,,,,,,,,,,Creccio,,,,,,,,,,,,,,,,,,,,,,,,,,,,,,,,,,,,,,,,,,,,,,,,,,,,,,,,BrightnessRadiant,,,,,,,,,,,,,,,,,,,,,,,,,,,,,,,,,,,,,,,,,,,,,,,,,,,,,,,,,,,,,,,,,,,,,,,,,,,,,,,,,,,,,,,
,,,,,,,,,,,,,,,,,,,,,,,,,,,,,,,,,,,Alfa,,,,,,,,,,,,,,,,,,,,,,,,,,,,,,,,,,,,,,,,,,,,,,,,,,,,,,,,Roadwalker,,,,,,,,,,,,,,,,,,,,,,,,,,,,,,,,,,,,,,,,,,,,,,,,,,,,,,,,,,,,,,,,,,,,,,,,,,,,,,,,,,,,,,,
,,,,,,,,,,,,,,,,,,,,,,,,,,,,,,,,,,,Hellscythe,,,,,,,,,,,,,,,,,,,,,,,,,,,,,,,,,,,,,,,,,,,,,,,,,,,,,,,,Steeldancer,,,,,,,,,,,,,,,,,,,,,,,,,,,,,,,,,,,,,,,,,,,,,,,,,,,,,,,,,,,,,,,,,,,,,,,,,,,,,,,,,,,,,,,
,,,,,,,,,,,,,,,,,,,,,,,,,,,,,,,,,,,Arraenae,,,,,,,,,,,,,,,,,,,,,,,,,,,,,,,,,,,,,,,,,,,,,,,,,,,,,,,,Megasif,,,,,,,,,,,,,,,,,,,,,,,,,,,,,,,,,,,,,,,,,,,,,,,,,,,,,,,,,,,,,,,,,,,,,,,,,,,,,,,,,,,,,,,
,,,,,,,,,,,,,,,,,,,,,,,,,,,,,,,,,,,Kaid,,,,,,,,,,,,,,,,,,,,,,,,,,,,,,,,,,,,,,,,,,,,,,,,,,,,,,,,Sami,,,,,,,,,,,,,,,,,,,,,,,,,,,,,,,,,,,,,,,,,,,,,,,,,,,,,,,,,,,,,,,,,,,,,,,,,,,,,,,,,,,,,,,
,,,,,,,,,,,,,,,,,,,,,,,,,,,,,,,,,,,Elbereth,,,,,,,,,,,,,,,,,,,,,,,,,,,,,,,,,,,,,,,,,,,,,,,,,,,,,,,,Eternum,,,,,,,,,,,,,,,,,,,,,,,,,,,,,,,,,,,,,,,,,,,,,,,,,,,,,,,,,,,,,,,,,,,,,,,,,,,,,,,,,,,,,,,
,,,,,,,,,,,,,,,,,,,,,,,,,,,,,,,,,,,Queensteph,,,,,,,,,,,,,,,,,,,,,,,,,,,,,,,,,,,,,,,,,,,,,,,,,,,,,,,,Majestic,,,,,,,,,,,,,,,,,,,,,,,,,,,,,,,,,,,,,,,,,,,,,,,,,,,,,,,,,,,,,,,,,,,,,,,,,,,,,,,,,,,,,,,
,,,,,,,,,,,,,,,,,,,,,,,,,,,,,,,,,,,Elkanah,,,,,,,,,,,,,,,,,,,,,,,,,,,,,,,,,,,,,,,,,,,,,,,,,,,,,,,,King Cole,,,,,,,,,,,,,,,,,,,,,,,,,,,,,,,,,,,,,,,,,,,,,,,,,,,,,,,,,,,,,,,,,,,,,,,,,,,,,,,,,,,,,,,
,,,,,,,,,,,,,,,,,,,,,,,,,,,,,,,,,,,,,,,,,,,,,,,,,,,,,,,,,,,,,,,,,,,,,,,,,,,,,,,,,,,,,,,,,,,Lemonelon,,,,,,,,,,,,,,,,,,,,,,,,,,,,,,,,,,,,,,,,,,,,,,,,,,,,,,,,,,,,,,,,,,,,,,,,,,,,,,,,,,,,,,,
,,,,,,,,,,,,,,,,,,,,,,,,,,,,,,,,,,,,,,,,,,,,,,,,,,,,,,,,,,,,,,,,,,,,,,,,,,,,,,,,,,,,,,,,,,,,,,,,,,,,,,,,,,,,,,,,,,,,,,,,,,,,,,,,,,,,,,,,,,,,,,,,,,,,,,,,,,,,,,,,,,,,,,,,,,,,,,,,,,
,,,,,,,,,,,,,,,,,,,,,,,,,,,,,,,,,,,,,,,,,,,,,,,,,,,,,,,,,,,,,,,,,,,,,,,,,,,,,,,,,,,,,,,,,,,,,,,,,,,,,,,,,,,,,,,,,,,,,,,,,,,,,,,,,,,,,,,,,,,,,,,,,,,,,,,,,,,,,,,,,,,,,,,,,,,,,,,,,,
includes Meta?,Y,N,N,N,N,N,N,N,N,N,N,N,N,N,N,N,N,N,N,N,N,N,N,N,N,N,N,N,N,N,Y,Y,Y,Y,Y,Y,N,Y,Y,Y,Y,Y,Y,N,N,Y,Y,Y,N,N,Y,Y,Y,Y,Y,Y,Y,Y,N,N,N,Y,N,N,Y,Y,N,Y,N,N,Y,N,Y,N,N,Y,Y,Y,Y,Y,N,N,N,N,Y,N,N,N,N,N,N,Y,N,Y,N,N,N,N,N,N,N,N,N,N,N,,,,,,,N,,,,,,,,,,,,,,,,,,,,,,,,,,,,,,,,,,,,,,,,,,,,,,,,,,,,,,,,,,,,,,,,,,
X is evil?,0,1,0,1,0,0,0,0,0,0,0,0,0,0,1,0,0,0,0,0,0,0,0,0,1,0,0,0,0,0,0,0,0,0,0,1,0,0,0,0,0,0,0,0,0,0,0,0,0,1,0,0,0,0,0,0,0,0,0,0,0,0,0,0,0,0,0,0,0,0,0,1,0,0,0,0,0,0,0,0,0,0,0,0,0,0,0,0,0,0,0,0,0,0,0,0,0,0,0,0,0,0,0,0,0,,,,,,,0,,,,,,,,,,,,,,,,,,,,,,,,,,,,,,,,,,,,,,,,,,,,,,,,,,,,,,,,,,,,,,,,,,
,,,,,,,,,,,,,,,,,,,,,,,,,,,,,,,,,,,,,,,,,,,,,,,,,,,,,,,,,,,,,,,,,,,,,,,,,,,,,,,,,,,,,,,,,,,,,,,,,,,,,,,,,,,,,,,,,,,,,,,,,,,,,,,,,,,,,,,,,,,,,,,,,,,,,,,,,,,,,,,,,,,,,,,,,,,,,,,,,,
Cosmere,,,,,,,,,,,,,,,,,,,,,,,,,,,,,,,,,,,,,,,,,,,,,,,,,,,,,,,,,,,,,,,,,,,,,,,,,,,,,,,,,,,,,,,,,,,,,,,,,,,,,,,,,,,,,,,,,,,,,,,,,,,,,,,,,,,,,,,,,,,,,,,,,,,,,,,,,,,,,,,,,,,,,,,,,,,,,,,,,,
Non Cosmere,,,,,,,,,,,,,,,,,,,,,,,,,,,,,,,,,,,,,,,,,,,,,,,,,,,,,,,,,,,,,,,,,,,,,,,,,,,,,,,,,,,,,,,,,,,,,,,,,,,,,,,,,,,,,,,,,,,,,,,,,,,,,,,,,,,,,,,,,,,,,,,,,,,,,,,,,,,,,,,,,,,,,,,,,,,,,,,,,,
Sanderson Misc,,,,,,,,,,,,,,,,,,,,,,,,,,,,,,,,,,,,,,,,,,,,,,,,,,,,,,,,,,,,,,,,,,,,,,,,,,,,,,,,,,,,,,,,,,,,,,,,,,,,,,,,,,,,,,,,,,,,,,,,,,,,,,,,,,,,,,,,,,,,,,,,,,,,,,,,,,,,,,,,,,,,,,,,,,,,,,,,,,
Wheel of Time,,,,,,,,,,,,,,,,,,,,,,,,,,,,,,,,,,,,,,,,,,,,,,,,,,,,,,,,,,,,,,,,,,,,,,,,,,,,,,,,,,,,,,,,,,,,,,,,,,,,,,,,,,,,,,,,,,,,,,,,,,,,,,,,,,,,,,,,,,,,,,,,,,,,,,,,,,,,,,,,,,,,,,,,,,,,,,,,,,
Non Sanderson,,,,,,,,,,,,,,,,,,,,,,,,,,,,,,,,,,,,,,,,,,,,,,,,,,,,,,,,,,,,,,,,,,,,,,,,,,,,,,,,,,,,,,,,,,,,,,,,,,,,,,,,,,,,,,,,,,,,,,,,,,,,,,,,,,,,,,,,,,,,,,,,,,,,,,,,,,,,,,,,,,,,,,,,,,,,,,,,,,
,,,,,,,,,,,,,,,,,,,,,,,,,,,,,,,,,,,,,,,,,,,,,,,,,,,,,,,,,,,,,,,,,,,,,,,,,,,,,,,,,,,,,,,,,,,,,,,,,,,,,,,,,,,,,,,,,,,,,,,,,,,,,,,,,,,,,,,,,,,,,,,,,,,,,,,,,,,,,,,,,,,,,,,,,,,,,,,,,,
Basic,,,,,,,,,,,,,,,,,,,,,,,,,,,,,,,,,,,,,,,,,,,,,,,,,,,,,,,,,,,,,,,,,,,,,,,,,,,,,,,,,,,,,,,,,,,,,,,,,,,,,,,,,,,,,,,,,,,,,,,,,,,,,,,,,,,,,,,,,,,,,,,,,,,,,,,,,,,,,,,,,,,,,,,,,,,,,,,,,,
Standard,,,,,,,,,,,,,,,,,,,,,,,,,,,,,,,,,,,,,,,,,,,,,,,,,,,,,,,,,,,,,,,,,,,,,,,,,,,,,,,,,,,,,,,,,,,,,,,,,,,,,,,,,,,,,,,,,,,,,,,,,,,,,,,,,,,,,,,,,,,,,,,,,,,,,,,,,,,,,,,,,,,,,,,,,,,,,,,,,,
Semi Standard,,,,,,,,,,,,,,,,,,,,,,,,,,,,,,,,,,,,,,,,,,,,,,,,,,,,,,,,,,,,,,,,,,,,,,,,,,,,,,,,,,,,,,,,,,,,,,,,,,,,,,,,,,,,,,,,,,,,,,,,,,,,,,,,,,,,,,,,,,,,,,,,,,,,,,,,,,,,,,,,,,,,,,,,,,,,,,,,,,
Complex,,,,,,,,,,,,,,,,,,,,,,,,,,,,,,,,,,,,,,,,,,,,,,,,,,,,,,,,,,,,,,,,,,,,,,,,,,,,,,,,,,,,,,,,,,,,,,,,,,,,,,,,,,,,,,,,,,,,,,,,,,,,,,,,,,,,,,,,,,,,,,,,,,,,,,,,,,,,,,,,,,,,,,,,,,,,,,,,,,
Faction/Free For All,,,,,,,,,,,,,,,,,,,,,,,,,,,,,,,,,,,,,,,,,,,,,,,,,,,,,,,,,,,,,,,,,,,,,,,,,,,,,,,,,,,,,,,,,,,,,,,,,,,,,,,,,,,,,,,,,,,,,,,,,,,,,,,,,,,,,,,,,,,,,,,,,,,,,,,,,,,,,,,,,,,,,,,,,,,,,,,,,,
,,,,,,,,,,,,,,,,,,,,,,,,,,,,,,,,,,,,,,,,,,,,,,,,,,,,,,,,,,,,,,,,,,,,,,,,,,,,,,,,,,,,,,,,,,,,,,,,,,,,,,,,,,,,,,,,,,,,,,,,,,,,,,,,,,,,,,,,,,,,,,,,,,,,,,,,,,,,,,,,,,,,,,,,,,,,,,,,,,
,,,,,,,,,,,,,,,,,,,,,,,,,,,,,,,,,,,,,,,,,,,,,,,,,,,,,,,,,,,,,,,,,,,,,,,,,,,,,,,,,,,,,,,,,,,,,,,,,,,,,,,,,,,,,,,,,,,,,,,,,,,,,,,,,,,,,,,,,,,,,,,,,,,,,,,,,,,,,,,,,,,,,,,,,,,,,,,,,,
Eliminator,,,,,,,,,,,,,,,,,,,,,,,,,,,,,,,,,,,,,,,,,,,,,,,,,,,,,,,,,,,,,,,,,,,,,,,,,,,,,,,,,,,,,,,,,,,,,,,,,,,,,,,,,,,,,,,,,,,,,,,,,,,,,,,,,,,,,,,,,,,,,,,,,,,,,,,,,,,,,,,,,,,,,,,,,,,,,,,,,,
Village,,,,,,,,,,,,,,,,,,,,,,,,,,,,,,,,,,,,,,,,,,,,,,,,,,,,,,,,,,,,,,,,,,,,,,,,,,,,,,,,,,,,,,,,,,,,,,,,,,,,,,,,,,,,,,,,,,,,,,,,,,,,,,,,,,,,,,,,,,,,,,,,,,,,,,,,,,,,,,,,,,,,,,,,,,,,,,,,,,
Faction,,,,,,,,,,,,,,,,,,,,,,,,,,,,,,,,,,,,,,,,,,,,,,,,,,,,,,,,,,,,,,,,,,,,,,,,,,,,,,,,,,,,,,,,,,,,,,,,,,,,,,,,,,,,,,,,,,,,,,,,,,,,,,,,,,,,,,,,,,,,,,,,,,,,,,,,,,,,,,,,,,,,,,,,,,,,,,,,,,
Draw,,,,,,,,,,,,,,,,,,,,,,,,,,,,,,,,,,,,,,,,,,,,,,,,,,,,,,,,,,,,,,,,,,,,,,,,,,,,,,,,,,,,,,,,,,,,,,,,,,,,,,,,,,,,,,,,,,,,,,,,,,,,,,,,,,,,,,,,,,,,,,,,,,,,,,,,,,,,,,,,,,,,,,,,,,,,,,,,,,
Free For All,,,,,,,,,,,,,,,,,,,,,,,,,,,,,,,,,,,,,,,,,,,,,,,,,,,,,,,,,,,,,,,,,,,,,,,,,,,,,,,,,,,,,,,,,,,,,,,,,,,,,,,,,,,,,,,,,,,,,,,,,,,,,,,,,,,,,,,,,,,,,,,,,,,,,,,,,,,,,,,,,,,,,,,,,,,,,,,,,,
No One,,,,,,,,,,,,,,,,,,,,,,,,,,,,,,,,,,,,,,,,,,,,,,,,,,,,,,,,,,,,,,,,,,,,,,,,,,,,,,,,,,,,,,,,,,,,,,,,,,,,,,,,,,,,,,,,,,,,,,,,,,,,,,,,,,,,,,,,,,,,,,,,,,,,,,,,,,,,,,,,,,,,,,,,,,,,,,,,,,
Misc,,,,,,,,,,,,,,,,,,,,,,,,,,,,,,,,,,,,,,,,,,,,,,,,,,,,,,,,,,,,,,,,,,,,,,,,,,,,,,,,,,,,,,,,,,,,,,,,,,,,,,,,,,,,,,,,,,,,,,,,,,,,,,,,,,,,,,,,,,,,,,,,,,,,,,,,,,,,,,,,,,,,,,,,,,,,,,,,,,